,series_title,Dictionary_liwc_social,Dictionary_liwc_funct
0,Tofu,0.2475858201981185,0.8328453055884368
1,Anne,0.2537624174647552,0.7151864850395574
2,Angry_Boys,0.29626071394932657,0.7061881887538852
3,Crownies,0.2652653414001729,0.7266585998271392
4,Dynasty,0.2862638194759958,0.7260941996062396
5,Jack_Irish,0.2690745754368693,0.7055439330543933
6,Janet_King,0.26878507525770773,0.735541362387583
7,Rake,0.2664077331370346,0.7215625121072411
8,The_Librarians,0.23214068337812405,0.6974473982377122
9,The_Slap,0.2662426769409405,0.7042539716050035
10,The_Straits,0.2977170536742186,0.6882941981449704
11,I_Rock,0.2605242868157286,0.6835774865073246
12,Soul_Mates,0.2606972301814709,0.6827602674307546
13,Charlie,0.25228171585031944,0.7466915120170368
14,Dance_Academy,0.2687425679599569,0.7329581593429385
15,My_Place,0.24970915738740235,0.6221954462356656
16,Nowhere_Boys,0.2431065587507517,0.6617112099135424
17,Arrow,0.26985327123333025,0.723071339660063
18,Barracuda,0.2650081428651654,0.6412085135059247
19,Bed_of_Roses,0.2518064550661029,0.6779068315224179
20,Cleverman,0.2606199173789914,0.6486268804073891
21,Glitch,0.25943375837475685,0.689885454938405
22,Hiding,0.2659821404189082,0.6674403997924575
23,Innocent,0.2883297588533766,0.7543547627765863
24,Mystery_Road,0.2972164294133648,0.7162027382355608
25,Rosehaven,0.24520769355099403,0.6839825440439632
26,Utopia,0.2544659290215014,0.6841911525886148
27,Black-ish,0.2682225992327327,0.6461185749002706
28,Castle,0.27423789246704905,0.7192950418855942
29,Deception,0.25245872589267254,0.6615670870374198
30,Designated_Survivor,0.24752090065341834,0.6958309845736108
31,Desperate_Housewives,0.2675626728694014,0.6790932362868565
32,Dynasty,0.2862638194759958,0.7260941996062396
33,Full_House,0.21574836792269075,0.4773519820550037
34,Home_Improvement,0.2612987461137489,0.6647787035101516
35,Gangsta,0.25560042507970243,0.7298193411264612
36,Lost,0.2798109552529985,0.7014274527044665
37,Modern_Family,0.26297591540472504,0.6733875237790244
38,Quantico,0.2696272799365583,0.745831397359623
39,Roseanne,0.2647386480868295,0.6497244093812385
40,Scandal,0.26620966730173923,0.7223561093880838
41,The_Bachelorette,0.2636367091975723,0.7444344487665193
42,The_Crossing,0.2737069979763754,0.7047390465433667
43,The_Goldbergs,0.26691392287181676,0.6758735240495656
44,The_Middle,0.2665390832475114,0.7121243978513488
45,Threes_Company,0.28345638501503967,0.7888980038282746
46,Black_Dynamite,0.25324774568240865,0.6450196601503342
47,Bleach,0.23439391559083642,0.6813262976961677
48,Childrens_Hospital,0.25027330701488004,0.6535453993319161
49,Eagleheart,0.252886564934372,0.6284067868957421
50,Frisky_Dingo,0.22770680252950665,0.5932307534755114
51,Metalocalypse,0.26062270902044493,0.6781736901502096
52,Mr_Pickles,0.23784410447591553,0.5337455388602214
53,Ntsfsdsuv,0.0,0.0
54,Rick_and_Morty,0.2624394417013046,0.685329316260775
55,Robot_Chicken,0.23853847536331224,0.5760165846767283
56,Samurai_Jack,0.23972252790441753,0.6250589529948122
57,Squidbillies,0.259878208158385,0.6593721324694826
58,Superjail!,0.2389171666619274,0.6067904569624932
59,The_Boondocks,0.27668267232725713,0.6557738662301874
60,Bates_Motel,0.26819964483263675,0.7333562242812153
61,Duck_Dynasty,0.2608168253620809,0.6397158075225274
62,The_Beast,0.15144106607899177,0.3486794531868737
63,The_Cleaner,0.2954923089578021,0.6994982314715802
64,The_Glades,0.2678755057957346,0.7054397760808057
65,Unforgettable,0.27169604788093327,0.6765859529253214
66,Between_the_Lines,0.26715136732492145,0.7197335709930109
67,Scandal,0.26620966730173923,0.7223561093880838
68,Absentia,0.25442684063373716,0.6463545773890601
69,Alpha_House,0.2560065589261148,0.6759862707224545
70,Bosch,0.2576253779882467,0.6443772465339191
71,Casanova,0.26884486750707487,0.6887059428865449
72,Comrade_Detective,0.2660224074762385,0.638400679658047
73,Goliath,0.26072503833368776,0.6638835103584899
74,Hand_of_God,0.2715871904969073,0.690373957289046
75,Lore,0.261515844495263,0.7447457257976696
76,Lost_in_Oz,0.23112976350937386,0.6336539639750031
77,Mad_Dogs,0.27736444375194763,0.7334060454970396
78,Mozart_in_the_Jungle,0.23225070460340894,0.6530079855053013
79,Oasis,0.22955523672883787,0.648493543758967
80,One_Mississippi,0.2663137915363435,0.7122196380356618
81,Patriot,0.2520581287135801,0.6536855417949269
82,Red_Oaks,0.25300847562331663,0.6393535792829079
83,Sneaky_Pete,0.2699542184434271,0.6737824286025725
84,The_After,0.35377358490566035,0.8931603773584905
85,The_Collection,0.27193341191753473,0.6906107916957348
86,The_Mick,0.2568574501504964,0.6368511053165067
87,Transparent,0.2350940660293447,0.6352689683008319
88,Vegas,0.2946402160325957,0.7216003969503526
89,Breaking_Bad,0.2670144794300161,0.7020179269133533
90,Dietland,0.2511106723269819,0.6772139401717839
91,Feed_the_Beast,0.25705854738112804,0.6414727382469319
92,Freakshow,0.2649602261703484,0.7094847418165692
93,Hell_on_Wheels,0.27034817614701456,0.6697397129774746
94,Mad_Men,0.2641026537533653,0.7256389636725988
95,Preacher,0.24070021881838075,0.6087075444772143
96,Rubicon,0.24772473255628294,0.7079674277502794
97,The_Prisoner,0.2878082507490205,0.7962664208342937
98,The_Son,0.26435398920606024,0.6388581832368815
99,The_Terror,0.2601653295915566,0.7401702101699051
100,River_Monsters,0.18533295918904225,0.8143075115312439
101,Wanted,0.25609671848013815,0.66090961427749
102,Dice,0.25617492492492494,0.6452139639639639
103,Iron_Man,0.2386734324030446,0.6973541138093512
104,Wolverine,0.28004956629491945,0.7187112763320942
105,Mohawk_Girls,0.3048215113583681,0.7331942512749189
106,Daria,0.2677241266841578,0.7098524128602742
107,Blade_of_the_Immortal,0.26135245325460427,0.7397722479966259
108,Condor,0.25638297872340426,0.7017730496453901
109,Dice,0.25617492492492494,0.6452139639639639
110,Kingdom,0.2600771837443626,0.6247578622805744
111,Loudermilk,0.2662911717889066,0.670846087914779
112,Rogue,0.2610432446184128,0.6565067774747714
113,Crossing_Lines,0.26927199494024834,0.7149695416264439
114,Crusade,0.24111409924801727,0.7768204320046592
115,Absolutely_Fabulous,0.2303229326226997,0.6543844555888957
116,Almost_Royal,0.252025202520252,0.7126951825617345
117,Atlantis,0.26603370221327965,0.7477992957746479
118,Class,0.25150956768249466,0.7230333097094259
119,Copper,0.2786977570316138,0.6922227156054716
120,Intruders,0.2680818321716303,0.6885127183850819
121,Killing_Eve,0.24790588585681844,0.6497896578682849
122,London_Spy,0.2813910835214447,0.7461202031602708
123,Luther,0.2595662402985478,0.6976797641904865
124,Orphan_Black,0.2594079150491211,0.6563143749398956
125,Prey,0.2674846625766871,0.6606890042472865
126,Ripper_Street,0.2824028087843353,0.7194756149133074
127,The_Game,0.2727610930735931,0.7438785173160173
128,The_Musketeers,0.27236210685741097,0.7108215558610245
129,Torchwood,0.2568369221949809,0.7044934561070363
130,Doctor_Who,0.23508992050994126,0.7213718275182935
131,Crooked_House,0.24022346368715083,0.6846515730667451
132,Detectorists,0.24049551473729175,0.6919436138402392
133,Dirk_Gently,0.2513580852019769,0.7376955438467508
134,Getting_On,0.23624193713525135,0.6963627521245008
135,Legends,0.27066729386465965,0.6838115718029703
136,Alice,0.27725347402838674,0.6921304897079587
137,Call_the_Midwife,0.26990268146781343,0.7394990949944672
138,Casualty,0.2555594197138315,0.6651381160572337
139,Dietland,0.2511106723269819,0.6772139401717839
140,Doctor_Who,0.23508992050994126,0.7213718275182935
141,Merlin,0.26131971286582,0.7221467102748163
142,New_Tricks,0.2644798827153849,0.7320138814133617
143,Our_Girl,0.2691450414014987,0.6928724874181803
144,Sherlock,0.24980289577423276,0.7114467818590429
145,Silent_Witness,0.26816814068034434,0.7171782361194954
146,Waterloo_Road,0.2812446184876328,0.7416213538410729
147,Rillington_Place,0.28276287388220783,0.7067530064754857
148,Bad_Education,0.2639633329272749,0.660068217809721
149,Bluestone_42,0.23408882165433031,0.6566400129666649
150,Bodies,0.25394891432052563,0.7068882990296331
151,Casanova,0.26884486750707487,0.6887059428865449
152,Coupling,0.1486366127706221,0.38161140038366675
153,Cuckoo,0.26276063506752656,0.6782584805806993
154,Gavin_and_Stacey,0.2526395572241905,0.6799746179472265
155,Him_and_Her,0.2610607914015146,0.6759761947304039
156,Ideal,0.2583302690012163,0.6666478092382542
157,Lip_Service,0.26172177731852236,0.716174761043658
158,Lunch_Monkeys,0.2598991893577219,0.6832779048014965
159,Mongrels,0.23035546531713083,0.6385041970968818
160,Monkey_Dust,0.22559690010826827,0.6470454156932018
161,Nighty_Night,0.21676347470551968,0.5940876788785411
162,Pramface,0.27464960390006093,0.7299664838513101
163,Pulling,0.26124145209877087,0.7165504958332417
164,Some_Girls,0.2811135799241929,0.7053979871912168
165,The_Fades,0.26803191698439527,0.6961597421485004
166,Trust,0.24777144979571622,0.5947443357682308
167,Coast,0.20595138425067966,0.7680286539420336
168,Fawlty_Towers,0.23503882215060065,0.6790030764723117
169,Heroes_Unmasked,0.26019658426672765,0.8521372824347713
170,Horizon,0.21377800450994788,0.8324003965673994
171,Land_Girls,0.2771682916490038,0.7161678677405681
172,Masterchef,0.22197920350852374,0.6922477659097875
173,Miranda,0.25324194145979995,0.680152193119959
174,Mock_the_Week,0.2357334510355081,0.7319526558489076
175,Peaky_Blinders,0.2864213947990544,0.6831135490543735
176,Burnistoun,0.27690315545559874,0.6625775233421931
177,Limmys_Show,0.25629491469636295,0.696746941686324
178,Shooting_Stars,0.18798404130485802,0.6348275052804506
179,Still_Game,0.2552574238152351,0.6452518351533114
180,The_Fall,0.2589938313203048,0.7034627546524286
181,Top_Gear,0.20692999414631652,0.7457273133236594
182,Baker_Boys,0.2828386216308427,0.7526157170476515
183,Bunk'd,0.2646852135091563,0.6899012029267083
184,In_Contempt,0.2693337769275555,0.7013058304915578
185,Madiba,0.2345635514841892,0.6884964326609707
186,Rebel,0.29191884664106327,0.7023706593207729
187,The_Game,0.2727610930735931,0.7438785173160173
188,Carter,0.27192919335108295,0.6974526876304238
189,Imposters,0.2596691915288298,0.6668933889833565
190,Queer_Eye,0.2527527527527528,0.6533112059427849
191,Top_Chef,0.2149034303833958,0.6634222440777983
192,Cannon,0.27687652829183357,0.7175954557996593
193,Extinct,0.26876290510817846,0.7180626627165814
194,Borgia,0.2547361279927637,0.6760098368996806
195,Ben_10,0.27707734277077345,0.7291159772911597
196,Naruto,0.23491724506139883,0.6978109983982915
197,Regular_Show,0.26720507563583973,0.6722216065458709
198,Steven_Universe,0.22712788556861635,0.6454569364922006
199,Teen_Titans,0.20625784555302432,0.5614300990283138
200,Graves,0.26357349921488105,0.666641502596932
201,Hetty_Feather,0.2762732417138238,0.7226151980598221
202,Horrible_Histories,0.24159511974694983,0.700451875282422
203,Wolfblood,0.2639095022624434,0.7177254901960785
204,Young_Dracula,0.2472936579183609,0.6461726476512345
205,18_to_Life,0.2725255900812985,0.6867549389909996
206,Anne,0.2537624174647552,0.7151864850395574
207,Arctic_Air,0.2735307987407757,0.6996342131759727
208,Being_Erica,0.256455019349798,0.7318211598484571
209,Burden_of_Truth,0.25620062270984684,0.7039374748480292
210,Intelligence,0.2618718964559095,0.6990122438735815
211,Republic_of_Doyle,0.2724601112803209,0.6951013765714115
212,King,0.2793032060111678,0.6815681163962686
213,Airwolf,0.2444842430968957,0.6827935290754381
214,Blue_Bloods,0.285201377448598,0.7156884068905732
215,Code_Black,0.2651962425759151,0.6562053894009623
216,Criminal_Minds,0.27661251704169293,0.7122413653241781
217,Elementary,0.28054649054008246,0.7564086704158306
218,Gunsmoke,0.2902592186103348,0.737622339643136
219,Instinct,0.26468065195352103,0.6858145519769164
220,Lost_in_Space,0.239328022875817,0.6654411764705882
221,Ransom,0.2838942711541692,0.6746280636911762
222,Rome,0.26946149231692124,0.6922500115361543
223,Survivor,0.0,0.0
224,Young_Sheldon,0.2653585653714139,0.6645986674253409
225,King,0.2793032060111678,0.6815681163962686
226,Ackley_Bridge,0.2854342542014061,0.6923237761689449
227,Father_Ted,0.2201947852015103,0.6566951336109805
228,Flowers,0.24340450424100615,0.6911962562152676
229,Fresh_Meat,0.24659615496990592,0.7134488400631099
230,Humans,0.26146173028966047,0.7180126606560522
231,Peep_Show,0.2465665827168267,0.6887740044073666
232,Shameless,0.27968283535285116,0.7089197461177592
233,Spaced,0.2194401539170257,0.5762946101942932
234,Born_to_Kill,0.2807683879921116,0.6733620626689066
235,Suspects,0.2741282082340749,0.7131532550032974
236,Legends,0.27066729386465965,0.6838115718029703
237,Freddys_Nightmares,0.28099467140319717,0.7229129662522202
238,Slasher,0.24976270985347335,0.6728065492080442
239,Banshee,0.27494699353358837,0.6836136451094461
240,Barry,0.23682600122390698,0.6251444890188346
241,Femme_Fatales,0.2775983790800013,0.6917086143033526
242,Forbidden_Science,0.2509829619921363,0.7254644977256958
243,Outcast,0.26875314770846825,0.696237139362544
244,The_Knick,0.2573914923517648,0.7516026160748067
245,Roots,0.3044364175233861,0.6283535549998457
246,Bad_Blood,0.27538796122230824,0.6821851155589959
247,Package_Deal,0.27365722408366333,0.6833815615798559
248,Seed,0.299273756770064,0.6793451501723289
249,Sunnyside,0.26549361569604485,0.6674556213017752
250,Barely_Famous,0.2604970669959864,0.7101214366574046
251,Nashville,0.27429982604026243,0.7275782119623889
252,Still_the_King,0.2801489544543111,0.6732004746900192
253,Sun_Records,0.2731645435805275,0.6139595116020932
254,The_Fall,0.2589938313203048,0.7034627546524286
255,The_Profit,0.0005352816850888181,0.0007725715042519025
256,The_Seventies,0.22307102218244582,0.7542031579620277
257,The_Sixties,0.23373073126281418,0.7928316500873263
258,Another_Period,0.2437646472765972,0.6646778448266102
259,Brickleberry,0.2654991047448523,0.633952551477171
260,Broad_City,0.23594938837277735,0.6449199209718778
261,Corporate,0.25161129619827505,0.6700189930566367
262,Drawn_Together,0.26686507936507936,0.6164705345739828
263,Drunk_History,0.2674632226929352,0.6867382333182522
264,Futurama,0.23942609188969557,0.6395518211577825
265,Josh,0.2471180825529901,0.6838849261350191
266,Reno_911,0.2628068673664041,0.6459258671368117
267,South_Park,0.27016159876015605,0.6958424653206201
268,Ugly_Americans,0.261086998621601,0.6605834842737204
269,Brotherhood,0.2770180275058853,0.6658716392020815
270,Drunk_History,0.2674632226929352,0.6867382333182522
271,Workaholics,0.26187341233425104,0.620955192913857
272,Unwrapped_2,0.19180737167280268,0.784892725656976
273,Chosen,0.27714272805313334,0.6708534767089865
274,Cleaners,0.2670725332841374,0.698736278941057
275,Sequestered,0.27963272120200333,0.7292457125512217
276,Snatch,0.2630624383218201,0.6410796682047315
277,StartUp,0.2487574329270642,0.6327267123023772
278,SuperMansion,0.2444547433769481,0.6277187385484253
279,The_Oath,0.2885549443177244,0.6886891184757815
280,Letterkenny,0.2692500487343006,0.6230749951265699
281,19-2,0.26738024656971,0.6290445589532393
282,Cardinal,0.2641577522876659,0.6578167289599175
283,Corner_Gas,0.24898648131810974,0.683119240791641
284,Defying_Gravity,0.23030098642610236,0.7079672877497681
285,Due_South,0.26137506137623046,0.6866509621454792
286,Flaked,0.2565608520318478,0.6528177024092648
287,Flashpoint,0.29638182602720026,0.6924791843127227
288,Hiccups,0.25795377517328844,0.7076071983031946
289,Instant_Star,0.28080608793686584,0.6886414881623449
290,Motive,0.271167598952064,0.6874991149189266
291,Saving_Hope,0.26260211375187614,0.6845206368463661
292,Spun_Out,0.255935791777807,0.6630742915924069
293,The_Detail,0.2716977081208738,0.6823394700588624
294,The_Disappearance,0.26389011962782455,0.664599025254763
295,The_Listener,0.26780060265842726,0.6533796289214862
296,Bar_Karma,0.2630558534774359,0.7329840772213514
297,Siren,0.2819451266577784,0.6773910602764718
298,Red_Dwarf,0.23674543978543333,0.6801189445687811
299,Undercover,0.26581831035701664,0.7032078472958643
300,Ghosts_of_Shepherdstown,0.0014822014336046652,0.003924189041428745
301,Paranormal_Lockdown,0.0003229813664596273,0.000629399585921325
302,Paranormal_Survivor,0.06475915684860142,0.21492345916486336
303,Full_Circle,0.25824760553387727,0.7004633063519193
304,A_Haunting,0.043012774759912296,0.12836304423084322
305,Deadliest_Catch,0.0,0.0
306,Klondike,0.2851016031859491,0.7517104053916063
307,MythBusters,0.1802083156049492,0.6274911925387613
308,Shooting_Stars,0.18798404130485802,0.6348275052804506
309,Andi_Mack,0.25717762482412443,0.6632568987590473
310,Bizaardvark,0.2490640632564144,0.6299096336937228
311,Gravity_Falls,0.2612816361012355,0.6443468619099582
312,Hannah_Montana,0.27917372534018253,0.6913492540575987
313,Liv_and_Maddie,0.2563784737964097,0.665063808853177
314,Lizzie_Mcguire,0.2735579109788185,0.7056693285124561
315,Phineas_and_Ferb,0.23966222164860543,0.6694123449506101
316,Stuck_in_the_Middle,0.2627465574990696,0.6888590568344941
317,Sofia_the_First,0.24489883333065626,0.666955790781224
318,Boyster,0.22803363619796413,0.6009997136237015
319,Doraemon,0.2340706615629552,0.6772467057349005
320,Lab_Rats,0.2714587151724244,0.7071403268285921
321,Max_Steel,0.23556757992607552,0.6318446823914948
322,Mighty_Med,0.26057310347487367,0.7073546993713603
323,Motorcity,0.2527898966704937,0.6680826636050516
324,Tron_Uprising,0.24650144384857042,0.6728334338209627
325,Banana,0.2672091131000814,0.6881475454298888
326,Beaver_Falls,0.28294926607911836,0.7233635339332294
327,Cardinal_Burns,0.25700820918212225,0.6882031012465795
328,Clipped,0.27698449255335483,0.6897896514662982
329,Crazyhead,0.2690107746197845,0.679687846406243
330,Dead_Set,0.2146462556888705,0.6130740587505171
331,Drifters,0.25291620991089747,0.6766590774938865
332,GameFace,0.24262762921467076,0.6591269421837015
333,Gap_Year,0.2452675252830841,0.6645561414123952
334,Glue,0.28091300033079725,0.7208071452199801
335,Misfits,0.2791821069348862,0.7112008117169578
336,Skins,0.2650165855988206,0.6451512430114672
337,The_Aliens,0.2644565258715736,0.7164962171615405
338,The_Inbetweeners,0.26219247610156343,0.6967298260377904
339,Younger,0.248127156557904,0.6707272274045211
340,Search_Party,0.23809987819732034,0.6497929354445798
341,The_Arrangement,0.26149170571102953,0.7122665861427416
342,The_Royals,0.2744765105744573,0.7159928127416831
343,Batman,0.22719074656775715,0.6604356004007945
344,Berlin_Station,0.23830629738790018,0.6684928116633294
345,Get_Shorty,0.2482468218642928,0.6281821383970028
346,Graves,0.26357349921488105,0.666641502596932
347,Timeless,0.2641465987253577,0.6882251571018971
348,Spotless,0.2739535008447078,0.6747472580515406
349,Bordertown,0.2714162173161054,0.6513124427713908
350,Zorro,0.2373262945423492,0.6899503144165826
351,Peppa_Pig,0.23916083916083916,0.6167832167832168
352,The_Bachelor,0.24907070037908063,0.7008667329137683
353,Top_Chef,0.2149034303833958,0.6634222440777983
354,Alice,0.27725347402838674,0.6921304897079587
355,9-1-1,0.25581062463096493,0.6455474243589973
356,Ally_Mcbeal,0.26416850229667194,0.672918480952137
357,Bones,0.25238491027235627,0.6965365830335207
358,Dark_Angel,0.2766253101736973,0.6915136476426799
359,Empire,0.28099564424712603,0.679578816750705
360,Family_Guy,0.2595593337238918,0.6753285469147959
361,Fringe,0.24830194249126478,0.7046919574804873
362,Ghosted,0.22880040766219628,0.6290042387603363
363,Glee,0.25815793363440803,0.697109941062257
364,Gotham,0.26730909385375334,0.6613086079844522
365,King_of_the_Hill,0.21960380921298023,0.5476166192651996
366,Kitchen_Nightmares,0.23618340707521673,0.7119411800036036
367,Lethal_Weapon,0.26398322013583697,0.648980314531653
368,Louie,0.2718602487682183,0.7065499776039693
369,Lucifer,0.2582330508347638,0.6902970878381819
370,Malcolm_in_the_Middle,0.24032062915910465,0.6738968496898448
371,Married_with_Children,0.2731187028676172,0.6851121862747338
372,Masterchef,0.22197920350852374,0.6922477659097875
373,Melrose_Place,0.2566633336558828,0.6853637819995915
374,Outnumbered,0.26909172504924084,0.73994199140675
375,Prison_Break,0.2801888601991885,0.7104773146440427
376,Sleepy_Hollow,0.25173180026634223,0.7167254487329554
377,Profiler,0.25815954362667165,0.7082577387075657
378,Star,0.27944225830014846,0.6645597210113339
379,Deadline_Gallipoli,0.26455704743269687,0.7086566358545308
380,The_Gifted,0.2656478405315615,0.6912159468438538
381,The_Resident,0.24516618884917984,0.6589692233174933
382,The_Simpsons,0.2444756902628642,0.6086551617601624
383,X-Men,0.24553066304593799,0.660315791778902
384,The_Disappearance,0.26389011962782455,0.664599025254763
385,Alone_Together,0.26909295659295657,0.6839936527436528
386,Baby_Daddy,0.2847243952243775,0.7134594230155069
387,Beautiful_People,0.2641538838301757,0.632856156911637
388,Beyond,0.2548414145581835,0.6702381110830128
389,Bunheads,0.24268428934794495,0.664701547531319
390,Chasing_Life,0.26563599553953254,0.7348890837636818
391,Cult,0.27179476197614405,0.7403901749577061
392,Dead_of_Summer,0.26414883513045423,0.6628303257165205
393,Famous_in_Love,0.2548658773601735,0.6831945318148103
394,Greek,0.26309370826719075,0.6905762592284628
395,Grown-ish,0.257753240518483,0.6853576572251561
396,Huge,0.2556578395320714,0.6656877020656976
397,Lincoln_Heights,0.30011619164787096,0.6791743558198347
398,Ravenswood,0.2875560097476613,0.7526923983963525
399,Roommates,0.27393027683280796,0.6850597671733092
400,Shadowhunters,0.2536758221495342,0.6900176909797382
401,Siren,0.2819451266577784,0.6773910602764718
402,Stitchers,0.25183082494269937,0.6899927326032809
403,Switched_at_Birth,0.26580457316552536,0.7083966597790263
404,The_Fosters,0.2811959745247703,0.7175691574699791
405,The_Middleman,0.24757542341730993,0.6706534339921396
406,Clean_Break,0.2544838464684232,0.6806683414149676
407,Training_Day,0.27921979356405585,0.6812993321190043
408,07_Ghost,0.25702618909585867,0.7457464774531798
409,One_Piece,0.2079966304181345,0.7179659978557207
410,Ranma_12,0.2367029987437863,0.6020746182644351
411,Samurai_Champloo,0.27158045814212606,0.7597869809075973
412,Wolfs_Rain,0.2484232741907777,0.760853027068149
413,Copper,0.2786977570316138,0.6922227156054716
414,37_Days,0.21672012830793905,0.7464414595028067
415,Anger_Management,0.2832258185033438,0.726590617566844
416,Atlanta,0.2691982726248592,0.569048066090875
417,Baskets,0.24205407149607025,0.611266047433563
418,Better_Things,0.2513791589516483,0.6362265447534694
419,Carrier,0.26551938466319636,0.7833760650558103
420,Dirt,0.27506545345293787,0.6773359371646852
421,Fargo,0.2733080969645269,0.666320110897846
422,Justified,0.2921271961945834,0.7145217176240638
423,Legion,0.24253200568990044,0.6204480796586059
424,Louie,0.2718602487682183,0.7065499776039693
425,Over_There,0.28568404115679386,0.6865816996231529
426,Partners,0.28422958537026977,0.707441607821836
427,Pose,0.25479519254353694,0.6843757664949718
428,Rescue_Me,0.27089742726041033,0.6561908183812026
429,Saint_George,0.28177213524536243,0.6807985791343244
430,Snowfall,0.25606947067766156,0.5910075090984475
431,Sons_of_Anarchy,0.28503235788004,0.6414218599649063
432,Terriers,0.28856501596984435,0.7051621442753143
433,Testees,0.2759886913853053,0.7054235856107627
434,The_Americans,0.265682612555688,0.6952578243099491
435,The_Riches,0.2587435326071364,0.6277937702629037
436,The_Shield,0.289050130378861,0.6753527266187894
437,The_Strain,0.25021036106750394,0.680596546310832
438,Thief,0.3151740862636411,0.7617356660315261
439,Trust,0.24777144979571622,0.5947443357682308
440,Tyrant,0.28637408174797513,0.7252288566585045
441,Wilfred,0.2686646874950913,0.7211488619763442
442,Archer,0.2380114300558514,0.6630471489803871
443,Chosen,0.27714272805313334,0.6708534767089865
444,Legit,0.27019639603158535,0.6434838361341703
445,Major_Lazer,0.2653158295281583,0.6219558599695586
446,Stone_Quackers,0.24249911754324038,0.6343099188139781
447,The_League,0.2588693322280284,0.673808713158557
448,Blue_Murder,0.27878250335309135,0.6888980227577554
449,Bomb_Girls,0.293957345971564,0.6988507109004739
450,Private_Eyes,0.2626433437168384,0.6662102488618081
451,Remedy,0.2504922112491928,0.6502071224936603
452,King,0.2793032060111678,0.6815681163962686
453,Ancient_Impossible,0.18973857274851894,0.8195191767668533
454,Cedar_Cove,0.2726091820558092,0.7283398813405653
455,Chesapeake_Shores,0.26962308292175724,0.7260202755393813
456,Good_Witch,0.2504909791619122,0.7089192672758773
457,Ballers,0.2679640608042761,0.6435906711652184
458,Barry,0.23682600122390698,0.6251444890188346
459,Big_Love,0.27285645830235133,0.7295725309406963
460,Boardwalk_Empire,0.2668709372808238,0.6763773573077029
461,Sensitive_Skin,0.2373238479314876,0.7002129684172369
462,Carnivale,0.2825669923865476,0.7001828427552305
463,Deadwood,0.266455797565663,0.7123123913242427
464,Dice,0.25617492492492494,0.6452139639639639
465,Entourage,0.2039378759299907,0.5047927053500565
466,Game_of_Thrones,0.2963510864704755,0.7068664665081985
467,Generation_Kill,0.24709655052868781,0.6575879701854741
468,Girls,0.25090326419651293,0.7094425625089937
469,Hung,0.2523413111342352,0.6406483282812288
470,Insecure,0.25473246690661566,0.6290830233573784
471,In_Treatment,0.29426218113574754,0.7865607840411483
472,Rome,0.26946149231692124,0.6922500115361543
473,Sex_and_the_City,0.2568579651261215,0.6933942779752835
474,Silicon_Valley,0.2428642785785643,0.7000346592183326
475,Succession,0.23661020268285518,0.6212670126309605
476,Tales_from_the_Crypt,0.13758212416119173,0.3548315858683705
477,The_Leftovers,0.2705558960643376,0.6929291803644063
478,The_Newsroom,0.2473321286715194,0.7035764818192667
479,The_Pacific,0.24409381419767176,0.6047706003195618
480,The_Sopranos,0.2805845455580027,0.680053018790877
481,The_Wire,0.2694614983618336,0.6815501673279655
482,True_Blood,0.2733776951284177,0.7125196354466177
483,True_Detective,0.2779709473033534,0.7012568897130789
484,Veep,0.23975922157429416,0.6422969714588642
485,Westworld,0.26519660587570315,0.6996908241511284
486,Dantes_Cove,0.230990990990991,0.6697039897039897
487,Ancient_Aliens,0.20995699379393953,0.8332285162992719
488,Gangland,0.23394485661444273,0.6408133330498926
489,Gangland_Undercover,0.2677398057031471,0.6463671518848052
490,Gone,0.2724989535370448,0.6262452909167016
491,Knightfall,0.26625412316331815,0.6823324155603413
492,Mountain_Men,0.2174487408834457,0.7644970414201183
493,Pawn_Stars,0.23823132204697825,0.780687792408238
494,Roots,0.3044364175233861,0.6283535549998457
495,Six,0.26912679102460124,0.6282199822345808
496,Texas_Rising,0.27530364372469635,0.6523572121658247
497,The_Universe,0.17674805771365149,0.7612742726505213
498,Top_Gear,0.20692999414631652,0.7457273133236594
499,Vikings,0.2641357599479827,0.6974628700919959
500,Glue,0.28091300033079725,0.7208071452199801
501,Spooksville,0.17508232711306257,0.615257958287596
502,Transformers_Prime,0.22324868558292002,0.6874667404585028
503,Boomers,0.2565593760887626,0.7311660815265457
504,Casual,0.24809618859321345,0.6554881798143961
505,Chance,0.268980343980344,0.7179463554463554
506,Deadbeat,0.24623124754608788,0.6474766935417599
507,Delirium,0.26123811970202926,0.7123041356280504
508,Difficult_People,0.24336244617610656,0.6661872635671077
509,Dimension_404,0.24389360589111103,0.6634340670395558
510,Endgame,0.2759749638902263,0.6819726253525001
511,Freakish,0.2554679096450341,0.701787635097065
512,Future_Man,0.26209082226274205,0.6991621081878961
513,Mother_Up,0.27946004149486564,0.6905743624760354
514,Shut_Eye,0.26050823626241726,0.6680003200768184
515,The_Awesomes,0.25992712148604724,0.6867629012767791
516,The_Oath,0.2885549443177244,0.6886891184757815
517,Benders,0.2802883900698677,0.6710272038055597
518,Brockmire,0.2479636016731489,0.6876788728260071
519,Bron,0.24808657170143794,0.6696931789139529
520,Bullet_in_the_Face,0.2829034276576514,0.6584161857748732
521,Documentary_Now,0.23612999916738364,0.6677860731037163
522,Greg_the_Bunny,0.25730109484372193,0.6597010333068383
523,I_Rock,0.2605242868157286,0.6835774865073246
524,Portlandia,0.2407695128359247,0.6671467616271817
525,500_Nations,0.24801162292547543,0.7470896120103563
526,Medium,0.2838862260910227,0.7555281781966314
527,Twisted,0.26607635952354264,0.719597314068534
528,Benidorm,0.2757690837262648,0.7242207212947623
529,Doc_Martin,0.24610695500421034,0.681664246225943
530,Endeavour,0.254559359924697,0.7037788759461897
531,Heartbeat,0.26250049175813367,0.6747511703843582
532,Kingdom,0.2600771837443626,0.6247578622805744
533,Lewis,0.26684702730122395,0.7136883316207744
534,Midsomer_Murders,0.25798804780876494,0.7064111973159991
535,Primeval,0.23563562681702052,0.709752444718527
536,Rebus,0.26623445228833503,0.6817653556163857
537,Ringer,0.2800121086317246,0.7366805051029234
538,Scott_and_Bailey,0.2835355062904212,0.753794094619089
539,Taggart,0.2846731877955561,0.7387769644360951
540,The_Fixer,0.2893070699964826,0.7085824832922969
541,The_Mill,0.29553291132726056,0.7318460192475941
542,Wire_in_the_Blood,0.27395653406893705,0.7196112299878832
543,Action_Team,0.2361341059602649,0.6481788079470199
544,Cockroaches,0.25946876537137237,0.6037260206591244
545,Girlfriends,0.29972459377581934,0.7802533737262463
546,Glitch,0.25943375837475685,0.689885454938405
547,No_Heroics,0.24796220341622968,0.636104044442137
548,Bad_Girls,0.2746518965257602,0.7167240258428493
549,Broadchurch,0.2746440925446297,0.7255036590241444
550,Carlos,0.23527190332326284,0.6354481369587109
551,Celebrity_Juice,0.23734398614085087,0.6480636260937249
552,Copper,0.2786977570316138,0.6922227156054716
553,Dallas,0.2921556335428836,0.7246767399213747
554,Danger_Mouse,0.1913950050571851,0.6053061542052439
555,Downton_Abbey,0.2645434520694649,0.7526791690499082
556,Grantchester,0.2675517083524075,0.6830912647217945
557,Inspector_Morse,0.25120333957746654,0.6912999789105435
558,Mr_Selfridge,0.25946924072403765,0.6952531946957686
559,Plebs,0.2566804705688444,0.6919772544656654
560,Prime_Suspect,0.26258473308265784,0.6768953538297402
561,Robin_of_Sherwood,0.24727379899793692,0.6655532632544127
562,The_Avengers,0.24496403347302184,0.6987819684330082
563,Thunderbirds,0.20981828905877817,0.620085751230689
564,Unforgotten,0.2755476763327846,0.7452197036849436
565,Vera,0.28945817551979647,0.713086006281398
566,Victoria,0.2524580761457366,0.7089501283661988
567,Glitch,0.25943375837475685,0.689885454938405
568,Dig,0.26736386584926075,0.7020915975477822
569,Iris,0.23154882724402345,0.7611355435272892
570,Against_the_Wall,0.28965002654575195,0.6874058343258096
571,Army_Wives,0.26664283374600684,0.6875750648948122
572,Blood_Ties,0.27654077057527165,0.7375275476859944
573,Dance_Moms,0.27522935779816515,0.7473423620212611
574,Devious_Maids,0.2801264483771233,0.7002119725701776
575,Missing,0.282273457145454,0.7214833217196353
576,Cold_Feet,0.2604528268512172,0.6821036106750392
577,The_Lottery,0.2657798705120659,0.7078045909358446
578,The_Protector,0.2820047414431768,0.6991653084407566
579,Monks,0.20134907251264755,0.6674536256323778
580,The_Comeback,0.21829009020166368,0.6244968728713852
581,Playful_Kiss,0.23834220992162244,0.697653324650557
582,Attack_on_Titan,0.2405949789138742,0.758902607980756
583,Space_Dandy,0.2231266149870801,0.7289405684754522
584,Black_Ops,0.0018982640512806405,0.005694792153841922
585,Combat_Countdown,0.18462967654758888,0.7977704585761338
586,Deadliest_Tech,0.0009551578524029761,0.0019857229036798715
587,Durham_County,0.3059282894065883,0.6700613371796553
588,Aeon_Flux,0.2289230426550841,0.7629468760441029
589,Awkward,0.25879460536832627,0.7125088949368839
590,Bunk'd,0.2646852135091563,0.6899012029267083
591,Daria,0.2677241266841578,0.7098524128602742
592,Faking_It,0.27544709421843433,0.7186592908251943
593,Girl_Code,0.2777807702666308,0.7642876380285484
594,Jersey_Shore,0.21951036135519947,0.5506555143085381
595,Teen_Wolf,0.2561633477780178,0.7112821034171634
596,Geordie_Shore,0.2614437272794718,0.7766237192010618
597,Drugs_Inc,0.2338375213466699,0.7548589086769131
598,Genius,0.24755014663355915,0.6965451702890776
599,Startalk,0.22782804068286225,0.7709683243395054
600,Taboo,0.2593016038937706,0.7137817267174076
601,Blindspot,0.2568941530040595,0.7141294069585736
602,Bonanza,0.2908302946978301,0.7372885408571941
603,Cheers,0.24197075565368084,0.6265184920228676
604,Chicago_Fire,0.2637632966289422,0.6534384653178356
605,Crims,0.2745035489273467,0.7092670866895286
606,Friends,0.2659033847558438,0.6755078476389952
607,Haven,0.26626806001573133,0.7048861841988538
608,King,0.2793032060111678,0.6815681163962686
609,Miami_Vice,0.271909569028812,0.6585858182552199
610,Reverie,0.25814741268543395,0.7260834014717906
611,Revolution,0.2865131349731726,0.7077207163263884
612,Superstore,0.24659733904266706,0.6810838267100693
613,The_Blacklist,0.26282570172176156,0.6975158065151283
614,This_is_Us,0.26003255081456045,0.6427890464928867
615,Timeless,0.2641465987253577,0.6882251571018971
616,Will_and_Grace,0.26117730080627183,0.6802999689287802
617,World_of_Dance,0.2449597634145648,0.708505132652771
618,13_Reasons_Why,0.26181927184813986,0.6938230253426041
619,Altered_Carbon,0.24999471022619074,0.6631260447303273
620,Arrested_Development,0.27113106867637354,0.7002511065985946
621,Between,0.2623234860954691,0.7022871004071731
622,Black_Mirror,0.22589449239277462,0.6376183578927208
623,Bloodline,0.27776399826378123,0.6737458919823898
624,Carlos,0.23527190332326284,0.6354481369587109
625,Daredevil,0.268156060173672,0.7032736760569123
626,Dark,0.2532192588065826,0.7161814134183072
627,Dawn_of_the_Croods,0.24391692286876188,0.6222892064375005
628,Frontier,0.2697549979986939,0.6417240725526133
629,Fuller_House,0.27058251818409834,0.64763606721846
630,Happy_Valley,0.2864984969285061,0.7713501503071494
631,House_of_Cards,0.24960978516899848,0.7198172375627891
632,Longmire,0.23964443548650036,0.6189152259032127
633,Lost_in_Space,0.239328022875817,0.6654411764705882
634,Marco_Polo,0.27021140489825757,0.6889850127939564
635,Mindhunter,0.27927958427137467,0.6928076916566515
636,Sense8,0.26155418631336363,0.6911491027606622
637,Stranger_Things,0.24776382186031157,0.6139153946520365
638,The_Crown,0.23074587168452027,0.6734101927768877
639,The_Killing,0.2921406782702315,0.6967821041928345
640,The_Rain,0.25023150529889904,0.7061426072641218
641,The_Ranch,0.2763960301327275,0.6731675236159272
642,Trollhunters,0.22840007645990634,0.5898642836662525
643,Unbreakable_Kimmy_Schmidt,0.2552853040767751,0.6704484978917266
644,Mako_Mermaids,0.25151998864885955,0.7229825121492675
645,Kingdom,0.2600771837443626,0.6247578622805744
646,Valor,0.26224747474747473,0.6945707070707071
647,Danny_Phantom,0.29939280709948624,0.7043437645959831
648,Henry_Danger,0.2619246861924686,0.5631799163179916
649,Icarly,0.26958402858788266,0.6459591559486717
650,Power_Rangers,0.08283424071941976,0.21236466387973835
651,Spongebob_Squarepants,0.22254109052961127,0.5635272632402818
652,Victorious,0.26801840766755475,0.639991695789073
653,Voltron_Force,0.2376183340034358,0.6983442377279871
654,Gallipoli,0.2597711884193322,0.6770487975717955
655,House_Husbands,0.27870173057615766,0.6802223835998048
656,Hunted,0.2636781331237531,0.6746871410434677
657,Love_Child,0.29029784832797667,0.6907247479084374
658,Top_Gear,0.20692999414631652,0.7457273133236594
659,Underbelly,0.27816356271907905,0.6645220363387281
660,Skam,0.27058225462480784,0.69589098844418
661,Boyster,0.22803363619796413,0.6009997136237015
662,Lupin_The_3rd,0.23289323771865156,0.7049795590107901
663,Loaded,0.2434094328514424,0.685985913957393
664,Survivorman,0.18303220738413198,0.7432246661429693
665,Eye_Candy,0.2651974641161457,0.7104317040371051
666,Greenleaf,0.2660069154644092,0.7026052223679504
667,Queen_Sugar,0.27048862115127176,0.6803748326639892
668,The_Paynes,0.27707704962983276,0.6392377296408006
669,1000_Ways_to_Die,0.23836859520705905,0.6414569337210468
670,American_Woman,0.2595361941915908,0.6806458604247941
671,Deadliest_Warrior,0.22994630232413493,0.657537370679825
672,Heathers,0.2667124542124542,0.6508699633699634
673,The_Mist,0.25889006937066433,0.6864883444784701
674,Waco,0.25885258191118754,0.6746042245446928
675,Clipped,0.27698449255335483,0.6897896514662982
676,American_Masters,0.2509910285833507,0.7288754433548925
677,Curious_George,0.1975135351914979,0.589933827952677
678,Nova,0.19486024428272067,0.7774863517143883
679,River,0.28513117369846747,0.6901554788674904
680,Star,0.27944225830014846,0.6645597210113339
681,Felicity,0.2472091664088246,0.6822722517717434
682,Helix,0.2588716857648324,0.7213903310477203
683,Glace,0.27803117979440395,0.6459255224998298
684,Scandal,0.26620966730173923,0.7223561093880838
685,The_100,0.26895666765373605,0.7135820748198598
686,Seed,0.299273756770064,0.6793451501723289
687,Hiding,0.2659821404189082,0.6674403997924575
688,Alice,0.27725347402838674,0.6921304897079587
689,Lore,0.261515844495263,0.7447457257976696
690,Really,0.262606778726922,0.6200055111600992
691,X-Men,0.24553066304593799,0.660315791778902
692,Pitch,0.25939264820263097,0.672533901457509
693,Flowers,0.24340450424100615,0.6911962562152676
694,Nightcap,0.23670793882010197,0.6443554260742899
695,19-2,0.26738024656971,0.6290445589532393
696,Trauma,0.27164906580016246,0.7003249390739237
697,Delete,0.24050460279577224,0.7800886464370951
698,The_Kennedys,0.2619634805570087,0.7001967964526816
699,Rome,0.26946149231692124,0.6922500115361543
700,Bridget_and_Eamon,0.24986642920747995,0.6841199168892846
701,Acceptable_Risk,0.27205882352941174,0.7745458477508651
702,Clean_Break,0.2544838464684232,0.6806683414149676
703,Quirke,0.28907446068197634,0.7479471120389701
704,Striking_Out,0.2533489781949741,0.7030409699814217
705,Danger_5,0.23394282532021532,0.5938370150361982
706,Deep_Water,0.2789131142206313,0.741002277904328
707,East_West_101,0.2457210308872713,0.6297462128664175
708,Cheers,0.24197075565368084,0.6265184920228676
709,Hindsight,0.26312072479267135,0.7209386791501039
710,Safe_Harbour,0.25049423393739706,0.6990939044481055
711,The_Circuit,0.26903553299492383,0.7447123519458545
712,The_Family,0.275591081572625,0.6774591912342547
713,The_Principal,0.30460933108487914,0.7086565486228218
714,Wilfred,0.2686646874950913,0.7211488619763442
715,HarmonQuest,0.21806283378883234,0.645011659102876
716,Shrink,0.23988949921300312,0.690565674086923
717,800_Words,0.26218560094530724,0.7287464128966914
718,Bones,0.25238491027235627,0.6965365830335207
719,City_Homicide,0.28809460803547804,0.7220478332679374
720,Glue,0.28091300033079725,0.7208071452199801
721,Packed_to_the_Rafters,0.26843967483478565,0.6944178022106556
722,Tripped,0.25586556753329104,0.7005918410484041
723,Alias,0.2506740323637084,0.6849945925087205
724,Almost_Heroes,0.25918113676597987,0.6471430185694377
725,Cloudstreet,0.28172720011276603,0.626603392378894
726,Continuum,0.26414604153315896,0.7382614268146942
727,Dice,0.25617492492492494,0.6452139639639639
728,King,0.2793032060111678,0.6815681163962686
729,Satisfaction,0.2787412663164166,0.7372258029572659
730,Secret_City,0.2327702262561341,0.6693012550484214
731,Tangle,0.2652400699331012,0.6822089612622636
732,Traveler,0.27663598996035066,0.7011385544359973
733,Billions,0.249463934658803,0.7111692101903082
734,Brotherhood,0.2770180275058853,0.6658716392020815
735,Californication,0.26031729639717555,0.6756651219228833
736,Dexter,0.26759459173578404,0.7015374851446954
737,Episodes,0.2534700258116116,0.6732031846439088
738,Gigolos,0.2419645238730328,0.7058548946385703
739,Homeland,0.2528378249039474,0.6907967239564106
740,House_of_Lies,0.2626364045798057,0.6730380672591821
741,Huff,0.2654174283973187,0.7110400162502539
742,Masters_of_Sex,0.2671925423706047,0.7510250546527911
743,Nurse_Jackie,0.26254325831551567,0.6679039830713955
744,Patrick_Melrose,0.24311289986815626,0.6648046631045729
745,Penny_Dreadful,0.25417675747463814,0.7043848978270817
746,Queer_as_Folk,0.08079751532191401,0.2090829322839617
747,Ray_Donovan,0.2758857061815259,0.627646875750974
748,Seed,0.299273756770064,0.6793451501723289
749,Shameless,0.27968283535285116,0.7089197461177592
750,Sleeper_Cell,0.28288697111979644,0.7214935865488026
751,The_Affair,0.26256723591659065,0.6865290113415443
752,The_Borgias,0.25648710606830977,0.642636053056455
753,The_Tudors,0.25335842421911486,0.7111068377242383
754,Twin_Peaks,0.2472181488829466,0.649035337416257
755,Britannia,0.27433690497101704,0.6957316002107852
756,Common_Ground,0.2669785906706366,0.6816957323124911
757,Fortitude,0.2427426308561939,0.6964359850541308
758,Gomorra,0.2875916207659279,0.7140564687513553
759,Guerrilla,0.2862209539339584,0.7017121891561353
760,Hunderby,0.2511306198457036,0.6240356477786645
761,Riviera,0.26207317511040895,0.7078381386664752
762,Sick_Note,0.22662223093511077,0.6598706136051754
763,The_Tunnel,0.26260054608515976,0.7014980444247657
764,Tin_Star,0.2549127036306523,0.6178683614581051
765,Bedlam,0.2746347445878213,0.7319238562440012
766,Dates,0.24405335497286607,0.6988892833595375
767,Doll_and_Em,0.2358582144433005,0.6950433887336372
768,Unhitched,0.2786272284169059,0.6809107297856714
769,Agatha_Raisin,0.2558633131699034,0.6916056457603735
770,Hex,0.2602255862273672,0.7369991095280498
771,Hooten_and_the_Lady,0.24206880493625937,0.6686652308050527
772,Jamestown,0.28982270841192004,0.7183855149000378
773,Mad_Dogs,0.27736444375194763,0.7334060454970396
774,Moone_Boy,0.25525351068731345,0.6750135219054869
775,Mount_Pleasant,0.26992850488669373,0.7343270253733235
776,Stella,0.2693767572633552,0.6942930780559646
777,Strike_Back,0.26269428738051165,0.6616952762493978
778,Thorne,0.28736202406052336,0.7099921451899623
779,Trollied,0.2567125897698959,0.6995163417851386
780,Wonderland,0.26760745126174906,0.7233649394288192
781,Angel,0.25480483455518127,0.6787085120794761
782,Wentworth,0.25197001512790984,0.6645480066532699
783,Blackout,0.2754491017964072,0.7349397590361446
784,Beyond,0.2548414145581835,0.6702381110830128
785,Bitten,0.27813346761623864,0.7354866556362851
786,Charlie_Jade,0.2739909115209837,0.7016840417000801
787,Lexx,0.2406600617024832,0.7246944422935065
788,The_Circuit,0.26903553299492383,0.7447123519458545
789,Tripping_the_Rift,0.2535947885496385,0.6876307496756084
790,Cracked,0.28275814656950365,0.6967747638035002
791,Kings,0.2739685303548298,0.7130996114072156
792,1000_Ways_to_Die,0.23836859520705905,0.6414569337210468
793,Murder,0.3011325782811459,0.7969924812030075
794,Tut,0.30686115613182063,0.7798487304159913
795,No_Activity,0.23523413897280968,0.6326283987915408
796,Romper_Stomper,0.25856485426964376,0.6171382307823419
797,Stargate_Origins,0.2379471228615863,0.6503233199639846
798,American_Gods,0.27091462103290426,0.7074564502749701
799,Black_Sails,0.2758255082762316,0.8104503285114063
800,Blunt_Talk,0.2395089799677642,0.6560988947731983
801,Boss,0.2528853221032558,0.7197512961601875
802,Camelot,0.29772132984684346,0.7171920347116462
803,Counterpart,0.2621159848858222,0.6741689940309951
804,Crash,0.2792636971177908,0.6777460476344688
805,Gravity,0.2652924121349268,0.6546213139099074
806,Magic_City,0.2630817528174414,0.6166688367113696
807,Outlander,0.26118716085323174,0.6983346355142187
808,Party_Down,0.2593702945046597,0.6602140618853182
809,Power,0.28370367177735023,0.6761030809076198
810,The_Chair,0.2376662550357309,0.8062129279106018
811,Torchwood,0.2568369221949809,0.7044934561070363
812,Vida,0.22735704064868303,0.6224495203773385
813,Cult,0.27179476197614405,0.7403901749577061
814,Hap_and_Leonard,0.2665555062642456,0.62842850805403
815,Quirke,0.28907446068197634,0.7479471120389701
816,Rectify,0.2623880308371206,0.7111613147091659
817,12_Monkeys,0.2538897553923993,0.6821318522463575
818,Dark_Matter,0.25603413318288404,0.7386590031559089
819,Defiance,0.2742614161582548,0.7035755222776854
820,Dominion,0.2731454271331102,0.7341629826489152
821,Eureka,0.23716804497939353,0.6914681077540326
822,Face_Off,0.22708186548077458,0.7547905585446946
823,Farscape,0.2423764476933507,0.710103029046955
824,First_Wave,0.245643096248749,0.6902370845843255
825,Ghost_Hunters,0.19548669143244998,0.6367604019939131
826,Happy!,0.2551835099116602,0.6204122522084939
827,Haven,0.26626806001573133,0.7048861841988538
828,Helix,0.2588716857648324,0.7213903310477203
829,Killjoys,0.25897912959068115,0.6762120476729764
830,Krypton,0.25990244821979785,0.727915360870897
831,Lost_Girl,0.26518640462106086,0.694008329734602
832,Paranormal_Witness,0.22245824516712204,0.7338948579411221
833,Sanctuary,0.24640316205533597,0.7240118577075099
834,Sliders,0.26217793852332494,0.7128586682225123
835,Stargate_Universe,0.2233071075699862,0.6992464944526688
836,The_Expanse,0.24595546618481462,0.7082943703464132
837,The_Magicians,0.24657690552259243,0.6950821542674578
838,Van_Helsing,0.2618204736235149,0.6817657628664145
839,Warehouse_13,0.24494151072670015,0.6954503454041449
840,Wynonna_Earp,0.25397440868553706,0.6483217290152907
841,Z_Nation,0.25453090757296415,0.6486010134390835
842,21_Jump_Street,0.289902334885441,0.6832859856444049
843,Andromeda,0.25432147556665335,0.7580759609641303
844,Babylon_5,0.24182237614768842,0.7448985512465762
845,Barry,0.23682600122390698,0.6251444890188346
846,Baywatch,0.2734681984681985,0.7041042291042291
847,Highlander,0.27584308235545885,0.7071815814816136
848,Jessie,0.26491009953395717,0.684068750408969
849,Tarzan,0.2349537037037037,0.7025462962962963
850,The_Jetsons,0.2429178146834518,0.6029257302908986
851,Thundercats,0.24830091399109444,0.7164869932036559
852,American_Dad,0.25936928602761383,0.6522155192756764
853,Clipped,0.27698449255335483,0.6897896514662982
854,Cougar_Town,0.26923005948170337,0.6674099316606282
855,Cracked,0.28275814656950365,0.6967747638035002
856,Final_Space,0.21770112150289486,0.5860561156322118
857,Glory_Daze,0.25277197208544405,0.6199121470827872
858,Ground_Floor,0.2733043338166586,0.6901884968583857
859,Xxxholic,0.2751363140676118,0.6925845147219193
860,Men_at_Work,0.2771234665795979,0.6868440692196465
861,My_Boys,0.25912812569152466,0.6479309581765877
862,People_of_Earth,0.2445414847161572,0.6597932929810659
863,Search_Party,0.23809987819732034,0.6497929354445798
864,Sullivan_and_Son,0.2958776530562227,0.685838929464242
865,The_Detour,0.24750035582123542,0.6069865499573015
866,Open_Heart,0.252344152498712,0.66543019062339
867,Cooked,0.20756862108169563,0.6856423582913757
868,Woodley,0.22434428316781257,0.6035141329258976
869,Offspring,0.2554397585190696,0.6939536780063518
870,Puberty_Blues,0.26638580012431795,0.6582982250155397
871,The_Bachelor,0.24907070037908063,0.7008667329137683
872,Wonderland,0.26760745126174906,0.7233649394288192
873,The_Ranch,0.2763960301327275,0.6731675236159272
874,Damages,0.2781147412849773,0.7127051743004533
875,Missions,0.23521209452517247,0.6652722735945985
876,7th_Heaven,0.2951854025925677,0.7560190530778793
877,Arrow,0.26985327123333025,0.723071339660063
878,Beauty_and_the_Beast,0.28118729939208487,0.7640646736777914
879,Black_Lightning,0.2685374699271069,0.67998850946174
880,Charmed,0.2732344709991937,0.732007051181145
881,Dynasty,0.2862638194759958,0.7260941996062396
882,Gilmore_Girls,0.2554478699319365,0.6898347853181729
883,Girlfriends,0.29972459377581934,0.7802533737262463
884,Gossip_Girl,0.27773428284197416,0.7272862516097718
885,Hart_of_Dixie,0.2648343564967852,0.7152412001888917
886,Hidden_Palms,0.27705551029083564,0.6861383683446102
887,iZombie,0.2651842735497605,0.6700605375199574
888,Jane_the_Virgin,0.2569738030918194,0.6718287565922507
889,Life_Sentence,0.2680501202742972,0.71028853863737
890,Melrose_Place,0.2566633336558828,0.6853637819995915
891,Nikita,0.27039894981641777,0.7223743744544177
892,Reaper,0.23204285987626763,0.5885005421264111
893,Reign,0.2949858627577755,0.7528901734104047
894,Riverdale,0.2704498401267122,0.6927110831637707
895,Smallville,0.27644590264001223,0.7399435373111551
896,Supergirl,0.2554714746331513,0.7013127590971903
897,Supernatural,0.2583943694102204,0.657490842251114
898,The_100,0.26895666765373605,0.7135820748198598
899,The_Flash,0.25735995365212355,0.6959712999688044
900,The_Messengers,0.28066042366060034,0.7185150283683767
901,The_Originals,0.2930126596092983,0.7615082396595002
902,Veronica_Mars,0.28067861736596167,0.6902456894446344
903,ReGenesis,0.23583067861480989,0.6888364311415671
904,Futurescape,0.2512929207291225,0.8004662992793556
905,Through_the_Wormhole,0.22376832303728939,0.8155570464730604
906,Angel,0.25480483455518127,0.6787085120794761
907,Animaniacs,0.11490648322992536,0.2958704253214639
908,Batman_Beyond,0.26067499792180443,0.6718667738091939
909,Birds_of_Prey,0.2659527651459586,0.7032255961403681
910,Charmed,0.2732344709991937,0.732007051181145
911,Everwood,0.2646888890600806,0.7474423961358612
912,Felicity,0.2472091664088246,0.6822722517717434
913,Freakazoid,0.23747630652585974,0.5900352017330084
914,Pinky_and_the_Brain,0.1533566949465142,0.38755467144438005
915,Superman,0.2540735004678476,0.6797018681637789
916,Tarzan,0.2349537037037037,0.7025462962962963
917,The_Batman,0.2246370981645155,0.6358913650625811
918,Loaded,0.2434094328514424,0.685985913957393
919,River,0.28513117369846747,0.6901554788674904
920,Cake_Boss,0.22940391459074733,0.6658807829181494
921,Agent_X,0.266628143912898,0.6791155986740063
922,Class,0.25150956768249466,0.7230333097094259
923,Crusade,0.24111409924801727,0.7768204320046592
924,Dallas,0.2921556335428836,0.7246767399213747
925,Dark_Blue,0.28573197280315304,0.6585227448593213
926,Deception,0.25245872589267254,0.6615670870374198
927,Falling_Skies,0.25725229736615535,0.6882522446541212
928,Franklin_and_Bash,0.2627146765081986,0.663259359976691
929,Good_Behavior,0.25940820698055356,0.6654101390230585
930,Hunted,0.2636781331237531,0.6746871410434677
931,Into_the_West,0.30832014399652424,0.6850076032647487
932,Legends,0.27066729386465965,0.6838115718029703
933,Leverage,0.2582516538375795,0.669032094844235
934,Major_Crimes,0.2772422932727267,0.725905558161277
935,Monday_Mornings,0.2167287947158459,0.5678939681294007
936,Murder_in_the_First,0.2692764781109116,0.687733326443879
937,Proof,0.265293908619948,0.7346312816772336
938,Rizzoli_and_Isles,0.2583741759865821,0.66601765227493
939,Saving_Grace,0.26924967637275304,0.5992388614875384
940,Southland,0.2950005382379627,0.6660976722489632
941,The_Alienist,0.2618985560131366,0.6617578063910754
942,The_Closer,0.2832450397634904,0.7454226479283441
943,The_Librarians,0.23214068337812405,0.6974473982377122
944,Witchblade,0.263642858184257,0.6646692618349881
945,Darkwing_Duck,0.22337745202297007,0.5888863439294537
946,Ducktales,0.23390807472054814,0.6093800795218686
947,Gargoyles,0.2560966436491101,0.6807630395209942
948,Deadly_Possessions,0.24081591572449423,0.7686114000067098
949,Expedition_Unknown,0.2028564311218135,0.756456032550029
950,Ghost_Adventures,0.16394951354194057,0.49469716890174426
951,Mysteries_at_the_Museum,0.20109256824138874,0.7153144884433109
952,Impractical_Jokers,0.2083345053225357,0.48933063647963426
953,Pulling,0.26124145209877087,0.7165504958332417
954,Killing_Time,0.2727796542817405,0.666759388038943
955,Dice,0.25617492492492494,0.6452139639639639
956,Jack_Taylor,0.27005978880105247,0.6870073884392656
957,Happily_Divorced,0.28523832792856824,0.6922393496512816
958,Heathers,0.2667124542124542,0.6508699633699634
959,Impastor,0.26096985205341217,0.6862847566359721
960,Jennifer_Falls,0.26879567524276704,0.6805819735041879
961,Lopez,0.2576797635727826,0.6666823656850855
962,Nobodies,0.2543117515627746,0.6766625662139432
963,The_Exes,0.26399328411314715,0.6426014054438712
964,Younger,0.248127156557904,0.6707272274045211
965,Belle's,0.2696174801999663,0.7063977981239117
966,Captain_Tsubasa,0.24483258793666143,0.6972077843587574
967,Cowboy_Bebop,0.22105263157894736,0.6385964912280702
968,Fairy_Tail,0.24465323000323494,0.7111970632498348
969,Kaleido_Star,0.2289426523297491,0.696787261051374
970,El_Chapo,0.24171507607192255,0.6289903181189488
971,Paula,0.24812742960083436,0.6664454347207737
972,37_Days,0.21672012830793905,0.7464414595028067
973,Carter,0.27192919335108295,0.6974526876304238
974,Dilbert,0.24375326711970727,0.7138656560376372
975,Eve,0.24621891479508526,0.6875418261637711
976,Hunted,0.2636781331237531,0.6746871410434677
977,Jake_2,0.23213136493944653,0.6128868693566316
978,Legends,0.27066729386465965,0.6838115718029703
979,Roswell,0.25159824799398495,0.7071874415699629
980,Burn_Notice,0.2934755089138581,0.7074661427372155
981,Colony,0.26799996327006603,0.6968586723965363
982,Covert_Affairs,0.2613459077044556,0.7233012181687352
983,Damnation,0.2761904761904762,0.6927913706919232
984,Duckman,0.2604498201586071,0.6854436809945927
985,Duts,0.20643813502991168,0.5776279555597759
986,Falling_Water,0.26463437694157055,0.6840001080526217
987,Forever_Knight,0.25527395229577793,0.6936073996605122
988,Graceland,0.28213649723140877,0.6788434162737955
989,Kojak,0.25810767091905884,0.6731924418757159
990,Monk,0.2513204869279782,0.6576890932236025
991,Mr_Robot,0.2536641289498795,0.7146407265787504
992,Necessary_Roughness,0.26006370842284615,0.6924463540509174
993,Psych,0.2601390205112005,0.7075564198184228
994,Queen_of_the_South,0.2717429012962165,0.6555407209612817
995,Royal_Pains,0.2582317182192026,0.6945235115322724
996,Shooter,0.2694633408919123,0.6564877802973041
997,Siren,0.2819451266577784,0.6773910602764718
998,The_Sinner,0.2536748329621381,0.6822197475872309
999,Weird_Science,0.257894707982168,0.6254242771523669
1000,White_Collar,0.2553524286755703,0.6803311369207287
1001,Single_Ladies,0.2844137754594426,0.7252654320110294
1002,The_Divide,0.2801156638365941,0.7175054345596982
1003,Manhattan,0.267909012033649,0.7082877513297371
1004,Outsiders,0.2834102178683115,0.6898356917016535
1005,Salem,0.27454372205526645,0.7577732170343766
1006,Underground,0.2739905668694349,0.7069999118399013
1007,Undercover_Boss,0.25973297189111133,0.7165828509177508
1008,Community,0.2602597639615525,0.684103905584621
1009,Other_Space,0.25303217615022217,0.7121186808780782
1010,Maude,0.26755162241887903,0.7300884955752213
1011,Batman,0.22719074656775715,0.6604356004007945
1012,Glue,0.28091300033079725,0.7208071452199801
1013,Cobra_Kai,0.28437274259571393,0.6723151938357813
1014,The_Guild,0.2527318068465201,0.6779868510541828
1015,Goosebumps,0.2525919879155,0.6649145158952372
